filename,latitude,longitude
.trashed-1777288669-20260325_122728PMByGPSMapCamera.jpg,29.24453778,75.78173778
.trashed-1777288669-20260325_122807PMByGPSMapCamera.jpg,29.24451972,75.78155472
.trashed-1777288669-20260325_122814PMByGPSMapCamera.jpg,29.24451972,75.78155472
.trashed-1777288669-20260325_122820PMByGPSMapCamera.jpg,29.24449194,75.78150694
.trashed-1777288669-20260325_122833PMByGPSMapCamera.jpg,29.24448694,75.781495
.trashed-1777288669-20260325_122903PMByGPSMapCamera.jpg,29.24445694,75.78145472
.trashed-1777288669-20260325_122911PMByGPSMapCamera.jpg,29.24443278,75.78143194
.trashed-1777288669-20260325_122921PMByGPSMapCamera.jpg,29.24442972,75.78143
.trashed-1777288669-20260325_122928PMByGPSMapCamera.jpg,29.24440778,75.78146778
.trashed-1777288669-20260325_122940PMByGPSMapCamera.jpg,29.24438389,75.78144778
.trashed-1777288669-20260325_122947PMByGPSMapCamera.jpg,29.24438278,75.78144778
.trashed-1777288669-20260325_123011PMByGPSMapCamera.jpg,29.24438278,75.78144778
.trashed-1777288669-20260325_123017PMByGPSMapCamera.jpg,29.24438278,75.78144778
.trashed-1777288669-20260325_123023PMByGPSMapCamera.jpg,29.24438278,75.78144778
.trashed-1777288669-20260325_123110PMByGPSMapCamera.jpg,29.24429083,75.78145583
.trashed-1777288669-20260325_123116PMByGPSMapCamera.jpg,29.24427583,75.78146889
.trashed-1777288669-20260325_123123PMByGPSMapCamera.jpg,29.24427194,75.781475
20260325_122716PMByGPSMapCamera.jpg,29.24454889,75.78140889
20260325_122738PMByGPSMapCamera.jpg,29.24456972,75.78140194
20260325_122740PMByGPSMapCamera.jpg,29.24456972,75.78140278
20260325_122745PMByGPSMapCamera.jpg,29.24456778,75.78139389
20260325_122803PMByGPSMapCamera.jpg,29.24459972,75.78138889
20260325_122808PMByGPSMapCamera.jpg,29.24458972,75.78137694
20260325_122811PMByGPSMapCamera.jpg,29.24458194,75.78136889
20260325_122817PMByGPSMapCamera.jpg,29.24457778,75.78135583
20260325_122825PMByGPSMapCamera.jpg,29.24456972,75.78134
20260325_122829PMByGPSMapCamera.jpg,29.24456778,75.78133278
20260325_122834PMByGPSMapCamera.jpg,29.24456778,75.78132278
20260325_122838PMByGPSMapCamera.jpg,29.24456778,75.78131194
20260325_122842PMByGPSMapCamera.jpg,29.24456694,75.78129889
20260325_122846PMByGPSMapCamera.jpg,29.24457194,75.78129
20260325_122850PMByGPSMapCamera.jpg,29.24457083,75.78128278
20260325_122856PMByGPSMapCamera.jpg,29.24456972,75.78127583
20260325_122900PMByGPSMapCamera.jpg,29.24456889,75.78126389
20260325_122902PMByGPSMapCamera.jpg,29.244575,75.78125278
20260325_122906PMByGPSMapCamera.jpg,29.24457278,75.78124583
20260325_122918PMByGPSMapCamera.jpg,29.24454694,75.78123583
20260325_122921PMByGPSMapCamera.jpg,29.24454389,75.78123583
20260325_122925PMByGPSMapCamera.jpg,29.24454194,75.78123972
20260325_122929PMByGPSMapCamera.jpg,29.24453694,75.78124194
20260325_122934PMByGPSMapCamera.jpg,29.24452389,75.78124389
20260325_122937PMByGPSMapCamera.jpg,29.24452389,75.78124583
20260325_122941PMByGPSMapCamera.jpg,29.244515,75.78124778
20260325_122946PMByGPSMapCamera.jpg,29.24449472,75.78125
20260325_122950PMByGPSMapCamera.jpg,29.24449083,75.78125
20260325_122954PMByGPSMapCamera.jpg,29.24447694,75.78125083
20260325_123012PMByGPSMapCamera.jpg,29.24445694,75.78125
20260325_123015PMByGPSMapCamera.jpg,29.24445083,75.78125
20260325_123020PMByGPSMapCamera.jpg,29.24444,75.78124278
20260325_123027PMByGPSMapCamera.jpg,29.24443083,75.78124389
20260325_123033PMByGPSMapCamera.jpg,29.24442389,75.78124194
20260325_123052PMByGPSMapCamera.jpg,29.24439278,75.78124389
20260325_123107PMByGPSMapCamera.jpg,29.24438694,75.78123472
20260325_123119PMByGPSMapCamera.jpg,29.24438194,75.78123389
20260325_123123PMByGPSMapCamera.jpg,29.24437583,75.78123389
20260325_123131PMByGPSMapCamera.jpg,29.24436472,75.78123194
20260325_123135PMByGPSMapCamera.jpg,29.24436194,75.78122972
20260325_123138PMByGPSMapCamera.jpg,29.24434778,75.78122889
20260325_123141PMByGPSMapCamera.jpg,29.24435083,75.78123083
20260325_123144PMByGPSMapCamera.jpg,29.24433778,75.78123194
20260325_123147PMByGPSMapCamera.jpg,29.244335,75.78123389
20260325_123151PMByGPSMapCamera.jpg,29.24431472,75.78123472
20260325_123154PMByGPSMapCamera.jpg,29.24431083,75.78123694
20260325_123157PMByGPSMapCamera.jpg,29.24430278,75.78123583
20260328_45808PMByGPSMapCamera.jpg,29.24483,75.78157389
20260328_45818PMByGPSMapCamera.jpg,29.24482389,75.78158083
20260328_45825PMByGPSMapCamera.jpg,29.24481889,75.78158972
20260328_45834PMByGPSMapCamera.jpg,29.24482194,75.78159278
20260328_45842PMByGPSMapCamera.jpg,29.24483083,75.78159278
20260328_45855PMByGPSMapCamera.jpg,29.24484194,75.78157694
20260328_45910PMByGPSMapCamera.jpg,29.24474778,75.78130083
20260328_45914PMByGPSMapCamera.jpg,29.24474778,75.78130083
20260328_45917PMByGPSMapCamera.jpg,29.24474778,75.78130083
20260328_45921PMByGPSMapCamera.jpg,29.24483583,75.781655
20260328_45922PMByGPSMapCamera.jpg,29.24474778,75.78130083
20260328_45925PMByGPSMapCamera.jpg,29.24474778,75.78130083
20260328_45931PMByGPSMapCamera.jpg,29.24484583,75.78163694
20260328_45935PMByGPSMapCamera.jpg,29.24474778,75.78130083
20260328_45941PMByGPSMapCamera.jpg,29.24474778,75.78130083
20260328_45943PMByGPSMapCamera.jpg,29.24485389,75.78162389
20260328_45946PMByGPSMapCamera.jpg,29.24474778,75.78130083
20260328_45949PMByGPSMapCamera.jpg,29.24474778,75.78130083
20260328_45952PMByGPSMapCamera.jpg,29.24485778,75.78161778
20260328_45954PMByGPSMapCamera.jpg,29.24474778,75.78130083
20260328_45958PMByGPSMapCamera.jpg,29.24474778,75.78130083
20260328_50003PMByGPSMapCamera.jpg,29.24486694,75.78160778
20260328_50006PMByGPSMapCamera.jpg,29.24474778,75.78130083
20260328_50014PMByGPSMapCamera.jpg,29.24474778,75.78130083
20260328_50022PMByGPSMapCamera.jpg,29.24474778,75.78130083
20260328_50031PMByGPSMapCamera.jpg,29.24474778,75.78130083
20260328_50038PMByGPSMapCamera.jpg,29.24490194,75.78160694
20260328_50041PMByGPSMapCamera.jpg,29.24474778,75.78130083
20260328_50046PMByGPSMapCamera.jpg,29.24493278,75.78159389
20260328_50050PMByGPSMapCamera.jpg,29.24474778,75.78130083
20260328_50051PMByGPSMapCamera.jpg,29.24496083,75.78157778
20260328_50058PMByGPSMapCamera.jpg,29.24474778,75.78130083
20260328_50100PMByGPSMapCamera.jpg,29.24497389,75.78158083
20260328_50101PMByGPSMapCamera.jpg,29.24523083,75.78049694
20260328_50105PMByGPSMapCamera.jpg,29.24474778,75.78130083
20260328_50108PMByGPSMapCamera.jpg,29.24498194,75.781585
20260328_50109PMByGPSMapCamera.jpg,29.24474778,75.78130083
20260328_50112PMByGPSMapCamera.jpg,29.24526194,75.78072889
20260328_50112PMByGPSMapCamera[1].jpg,29.24526194,75.78072889
20260328_50116PMByGPSMapCamera.jpg,29.24474778,75.78130083
20260328_50117PMByGPSMapCamera.jpg,29.24499389,75.78158
20260328_50120PMByGPSMapCamera.jpg,29.24521472,75.78079389
20260328_50125PMByGPSMapCamera.jpg,29.24474778,75.78130083
20260328_50128PMByGPSMapCamera.jpg,29.24519194,75.78083472
20260328_50131PMByGPSMapCamera.jpg,29.24502194,75.78156583
20260328_50134PMByGPSMapCamera.jpg,29.24474778,75.78130083
20260328_50141PMByGPSMapCamera.jpg,29.24503778,75.78156194
20260328_50142PMByGPSMapCamera.jpg,29.24518583,75.78087694
20260328_50143PMByGPSMapCamera.jpg,29.24474778,75.78130083
20260328_50148PMByGPSMapCamera.jpg,29.24519472,75.78087889
20260328_50149PMByGPSMapCamera.jpg,29.24474778,75.78130083
20260328_50150PMByGPSMapCamera.jpg,29.24504389,75.78155583
20260328_50152PMByGPSMapCamera.jpg,29.24474778,75.78130083
20260328_50155PMByGPSMapCamera.jpg,29.24520389,75.78084889
20260328_50156PMByGPSMapCamera.jpg,29.24474778,75.78130083
20260328_50159PMByGPSMapCamera.jpg,29.24504278,75.78155583
20260328_50200PMByGPSMapCamera.jpg,29.24474778,75.78130083
20260328_50201PMByGPSMapCamera.jpg,29.24520389,75.78084472
20260328_50205PMByGPSMapCamera.jpg,29.24504583,75.78155278
20260328_50206PMByGPSMapCamera.jpg,29.24474778,75.78130083
20260328_50207PMByGPSMapCamera.jpg,29.24518778,75.78085389
20260328_50210PMByGPSMapCamera.jpg,29.24474778,75.78130083
20260328_50212PMByGPSMapCamera.jpg,29.24504778,75.78154583
20260328_50213PMByGPSMapCamera.jpg,29.24517472,75.78084278
20260328_50214PMByGPSMapCamera.jpg,29.24474778,75.78130083
20260328_50218PMByGPSMapCamera.jpg,29.24474778,75.78130083
20260328_50219PMByGPSMapCamera.jpg,29.24513778,75.78082972
20260328_50225PMByGPSMapCamera.jpg,29.24506278,75.78156889
20260328_50226PMByGPSMapCamera.jpg,29.24512472,75.78083194
20260328_50233PMByGPSMapCamera.jpg,29.2451,75.78082083
20260328_50240PMByGPSMapCamera.jpg,29.24506278,75.78157194
20260328_50241PMByGPSMapCamera.jpg,29.24508778,75.78082194
20260328_50243PMByGPSMapCamera.jpg,29.24474778,75.78130083
20260328_50247PMByGPSMapCamera.jpg,29.24506389,75.78082
20260328_50251PMByGPSMapCamera.jpg,29.24474778,75.78130083
20260328_50253PMByGPSMapCamera.jpg,29.24505083,75.78082278
20260328_50256PMByGPSMapCamera.jpg,29.24474778,75.78130083
20260328_50257PMByGPSMapCamera.jpg,29.24507694,75.78159278
20260328_50259PMByGPSMapCamera.jpg,29.24501583,75.78081583
20260328_50303PMByGPSMapCamera.jpg,29.24474778,75.78130083
20260328_50304PMByGPSMapCamera.jpg,29.24507583,75.78159778
20260328_50305PMByGPSMapCamera.jpg,29.24500778,75.78082
20260328_50311PMByGPSMapCamera.jpg,29.24500194,75.78083472
20260328_50314PMByGPSMapCamera.jpg,29.24474778,75.78130083
20260328_50315PMByGPSMapCamera.jpg,29.24514889,75.78160778
20260328_50316PMByGPSMapCamera.jpg,29.24499194,75.78084389
20260328_50318PMByGPSMapCamera.jpg,29.24474778,75.78130083
20260328_50322PMByGPSMapCamera.jpg,29.24498194,75.78086972
20260328_50323PMByGPSMapCamera.jpg,29.24517472,75.78161278
20260328_50326PMByGPSMapCamera.jpg,29.24474778,75.78130083
20260328_50330PMByGPSMapCamera.jpg,29.24497389,75.78089889
20260328_50332PMByGPSMapCamera.jpg,29.24474778,75.78130083
20260328_50334PMByGPSMapCamera.jpg,29.24519972,75.78161472
20260328_50336PMByGPSMapCamera.jpg,29.24493194,75.78095389
20260328_50340PMByGPSMapCamera.jpg,29.24474778,75.78130083
20260328_50343PMByGPSMapCamera.jpg,29.24491,75.78095778
20260328_50345PMByGPSMapCamera.jpg,29.24474778,75.78130083
20260328_50348PMByGPSMapCamera.jpg,29.24474778,75.78130083
20260328_50349PMByGPSMapCamera.jpg,29.24490389,75.78094972
20260328_50352PMByGPSMapCamera.jpg,29.24522389,75.78157583
20260328_50354PMByGPSMapCamera.jpg,29.24474778,75.78130083
20260328_50355PMByGPSMapCamera.jpg,29.24490389,75.78094889
20260328_50358PMByGPSMapCamera.jpg,29.24474778,75.78130083
20260328_50400PMByGPSMapCamera.jpg,29.24523583,75.78156194
20260328_50401PMByGPSMapCamera.jpg,29.24490472,75.78096278
20260328_50406PMByGPSMapCamera.jpg,29.24474778,75.78130083
20260328_50408PMByGPSMapCamera.jpg,29.24524194,75.78155389
20260328_50412PMByGPSMapCamera.jpg,29.24474778,75.78130083
20260328_50413PMByGPSMapCamera.jpg,29.24490083,75.78101194
20260328_50416PMByGPSMapCamera.jpg,29.24474778,75.78130083
20260328_50420PMByGPSMapCamera.jpg,29.24491472,75.78104972
20260328_50421PMByGPSMapCamera.jpg,29.24474778,75.78130083
20260328_50424PMByGPSMapCamera.jpg,29.24524583,75.78153583
20260328_50428PMByGPSMapCamera.jpg,29.24491194,75.78108083
20260328_50431PMByGPSMapCamera.jpg,29.24474778,75.78130083
20260328_50433PMByGPSMapCamera.jpg,29.24523972,75.78151389
20260328_50440PMByGPSMapCamera.jpg,29.24523389,75.78149778
20260328_50502PMByGPSMapCamera.jpg,29.24474778,75.78130083
20260328_50507PMByGPSMapCamera.jpg,29.24474778,75.78130083
20260328_50511PMByGPSMapCamera.jpg,29.24520889,75.78145472
20260328_50514PMByGPSMapCamera.jpg,29.24474778,75.78130083
20260328_50519PMByGPSMapCamera.jpg,29.24474778,75.78130083
20260328_50527PMByGPSMapCamera.jpg,29.24520694,75.78144778
20260328_50533PMByGPSMapCamera.jpg,29.24474778,75.78130083
20260328_50539PMByGPSMapCamera.jpg,29.24520778,75.78144583
20260328_50548PMByGPSMapCamera.jpg,29.24521083,75.78143778
20260328_50555PMByGPSMapCamera.jpg,29.24520278,75.78142778
20260328_50601PMByGPSMapCamera.jpg,29.24520472,75.781425
20260328_50608PMByGPSMapCamera.jpg,29.24520694,75.78142083
20260328_50617PMByGPSMapCamera.jpg,29.24521278,75.78142889
20260328_50627PMByGPSMapCamera.jpg,29.24520889,75.781425
20260328_50646PMByGPSMapCamera.jpg,29.24520389,75.78142694
20260328_50656PMByGPSMapCamera.jpg,29.24520083,75.78140889
20260328_50704PMByGPSMapCamera.jpg,29.24519889,75.78140694
20260328_50713PMByGPSMapCamera.jpg,29.24517472,75.78133389
20260328_50723PMByGPSMapCamera.jpg,29.24517694,75.78131
20260328_50730PMByGPSMapCamera.jpg,29.24516889,75.78128083
20260328_50742PMByGPSMapCamera.jpg,29.245165,75.78125389
20260328_50749PMByGPSMapCamera.jpg,29.245145,75.78122278
20260328_50756PMByGPSMapCamera.jpg,29.24514278,75.78121083
20260328_50803PMByGPSMapCamera.jpg,29.24514083,75.78119194
20260328_50811PMByGPSMapCamera.jpg,29.24513778,75.78117583
20260328_50819PMByGPSMapCamera.jpg,29.24513694,75.78117083
20260328_50828PMByGPSMapCamera.jpg,29.24512583,75.78116194
20260328_50834PMByGPSMapCamera.jpg,29.24512389,75.78115389
20260328_50842PMByGPSMapCamera.jpg,29.24512972,75.78114278
20260328_50850PMByGPSMapCamera.jpg,29.24513389,75.78113889
20260328_50901PMByGPSMapCamera.jpg,29.24513083,75.78113972
20260328_50910PMByGPSMapCamera.jpg,29.24512694,75.78112778
20260328_50916PMByGPSMapCamera.jpg,29.24512278,75.78113194
20260328_50925PMByGPSMapCamera.jpg,29.24512083,75.781135
20260328_50931PMByGPSMapCamera.jpg,29.24511583,75.78110472
20260328_50939PMByGPSMapCamera.jpg,29.24510083,75.78106583
20260328_50948PMByGPSMapCamera.jpg,29.24509083,75.78102972
20260328_50956PMByGPSMapCamera.jpg,29.24509,75.78102694
20260328_51004PMByGPSMapCamera.jpg,29.24508778,75.78102083
20260328_51013PMByGPSMapCamera.jpg,29.24508694,75.78102583
20260328_51023PMByGPSMapCamera.jpg,29.24508778,75.78101694
20260328_51030PMByGPSMapCamera.jpg,29.24509,75.78101083
20260328_51037PMByGPSMapCamera.jpg,29.24509,75.78102083
20260328_51048PMByGPSMapCamera.jpg,29.24509778,75.78101694
20260328_51055PMByGPSMapCamera.jpg,29.24513083,75.78095889
20260328_51104PMByGPSMapCamera.jpg,29.24515194,75.78093889
20260328_51112PMByGPSMapCamera.jpg,29.24518,75.78090278
20260328_51121PMByGPSMapCamera.jpg,29.24520583,75.78087583
20260328_51129PMByGPSMapCamera.jpg,29.24522778,75.78084778
20260328_51137PMByGPSMapCamera.jpg,29.24524083,75.78081194
20260328_51143PMByGPSMapCamera.jpg,29.24526778,75.78077194
20260328_51150PMByGPSMapCamera.jpg,29.24529083,75.78074778
20260328_51159PMByGPSMapCamera.jpg,29.24530278,75.78073583
20260328_51208PMByGPSMapCamera.jpg,29.24530472,75.78073194
20260328_51216PMByGPSMapCamera.jpg,29.24530694,75.78073
20260328_51223PMByGPSMapCamera.jpg,29.24530889,75.78072694
20260328_51020PMByGPSMapCamera.jpg,29.24471083,75.78111
20260328_51031PMByGPSMapCamera.jpg,29.24471194,75.78110778
20260328_51038PMByGPSMapCamera.jpg,29.24471,75.78110472
20260328_51046PMByGPSMapCamera.jpg,29.24471194,75.78110583
20260328_51052PMByGPSMapCamera.jpg,29.24471278,75.78110694
20260328_51120PMByGPSMapCamera.jpg,29.24471389,75.78110778
20260328_51137PMByGPSMapCamera.jpg,29.24461778,75.78108278
20260328_51147PMByGPSMapCamera.jpg,29.24461694,75.78108583
20260328_51152PMByGPSMapCamera.jpg,29.24461583,75.78108583
20260328_51158PMByGPSMapCamera.jpg,29.24461472,75.78108389
20260328_51204PMByGPSMapCamera.jpg,29.24461694,75.78108583
20260328_51209PMByGPSMapCamera.jpg,29.24461472,75.78108694
20260328_51215PMByGPSMapCamera.jpg,29.24461472,75.78108694
20260328_51221PMByGPSMapCamera.jpg,29.24450472,75.78107194
20260328_51227PMByGPSMapCamera.jpg,29.24450083,75.78107083
20260328_51233PMByGPSMapCamera.jpg,29.24449778,75.78106972
20260328_51238PMByGPSMapCamera.jpg,29.24449083,75.78107194
20260328_51244PMByGPSMapCamera.jpg,29.24449083,75.78107389
20260328_51250PMByGPSMapCamera.jpg,29.24448972,75.78107278
20260328_51256PMByGPSMapCamera.jpg,29.24448778,75.78107278
20260328_51301PMByGPSMapCamera.jpg,29.24438278,75.78106972
20260328_51309PMByGPSMapCamera.jpg,29.24437194,75.78108194
20260328_51316PMByGPSMapCamera.jpg,29.24437083,75.78108278
20260328_51911PMByGPSMapCamera (1).jpg,29.24474778,75.78130083
20260328_51925PMByGPSMapCamera (1).jpg,29.24474778,75.78130083
20260328_51925PMByGPSMapCamera.jpg,29.24474778,75.78130083
20260328_51930PMByGPSMapCamera (1).jpg,29.24474778,75.78130083
20260328_51930PMByGPSMapCamera.jpg,29.24474778,75.78130083
20260328_51936PMByGPSMapCamera (2).jpg,29.24474778,75.78130083
20260328_51936PMByGPSMapCamera.jpg,29.24474778,75.78130083
20260328_51943PMByGPSMapCamera.jpg,29.24429972,75.78163472
20260328_51949PMByGPSMapCamera.jpg,29.24427278,75.78163889
20260328_51955PMByGPSMapCamera (1).jpg,29.24474778,75.78130083
20260328_51955PMByGPSMapCamera.jpg,29.24474778,75.78130083
20260328_52003PMByGPSMapCamera.jpg,29.24424,75.78163583
20260328_52007PMByGPSMapCamera (1).jpg,29.24474778,75.78130083
20260328_52007PMByGPSMapCamera.jpg,29.24474778,75.78130083
20260328_52012PMByGPSMapCamera (1).jpg,29.24474778,75.78130083
20260328_52012PMByGPSMapCamera.jpg,29.24474778,75.78130083
20260328_52017PMByGPSMapCamera (1).jpg,29.24474778,75.78130083
20260328_52017PMByGPSMapCamera.jpg,29.24474778,75.78130083
20260328_52020PMByGPSMapCamera (1).jpg,29.24474778,75.78130083
20260328_52020PMByGPSMapCamera.jpg,29.24474778,75.78130083
20260328_52026PMByGPSMapCamera (1).jpg,29.24474778,75.78130083
20260328_52026PMByGPSMapCamera.jpg,29.24474778,75.78130083
20260328_52032PMByGPSMapCamera (1).jpg,29.24474778,75.78130083
20260328_52032PMByGPSMapCamera.jpg,29.24474778,75.78130083
20260328_52038PMByGPSMapCamera (1).jpg,29.24474778,75.78130083
20260328_52038PMByGPSMapCamera.jpg,29.24474778,75.78130083
20260328_52044PMByGPSMapCamera (1).jpg,29.24474778,75.78130083
20260328_52044PMByGPSMapCamera.jpg,29.24474778,75.78130083
20260328_52050PMByGPSMapCamera (1).jpg,29.24474778,75.78130083
20260328_52050PMByGPSMapCamera.jpg,29.24474778,75.78130083
20260328_52057PMByGPSMapCamera (1).jpg,29.24474778,75.78130083
20260328_52057PMByGPSMapCamera.jpg,29.24474778,75.78130083
20260328_52156PMByGPSMapCamera (1).jpg,29.24474778,75.78130083
20260328_52156PMByGPSMapCamera.jpg,29.24474778,75.78130083
20260328_52204PMByGPSMapCamera (1).jpg,29.24474778,75.78130083
20260328_52204PMByGPSMapCamera.jpg,29.24474778,75.78130083
20260328_52236PMByGPSMapCamera (1).jpg,29.24474778,75.78130083
20260328_52236PMByGPSMapCamera.jpg,29.24474778,75.78130083
20260328_52241PMByGPSMapCamera (1).jpg,29.24474778,75.78130083
20260328_52241PMByGPSMapCamera.jpg,29.24474778,75.78130083
20260328_52247PMByGPSMapCamera (1).jpg,29.24474778,75.78130083
20260328_52247PMByGPSMapCamera.jpg,29.24474778,75.78130083
20260328_52252PMByGPSMapCamera (1).jpg,29.24474778,75.78130083
20260328_52252PMByGPSMapCamera.jpg,29.24474778,75.78130083
20260328_52258PMByGPSMapCamera (1).jpg,29.24474778,75.78130083
20260328_52258PMByGPSMapCamera.jpg,29.24474778,75.78130083
20260328_52313PMByGPSMapCamera (1).jpg,29.24474778,75.78130083
20260328_52313PMByGPSMapCamera.jpg,29.24474778,75.78130083
20260328_52338PMByGPSMapCamera (1).jpg,29.24474778,75.78130083
20260328_52338PMByGPSMapCamera.jpg,29.24474778,75.78130083
20260328_52342PMByGPSMapCamera.jpg,29.24467694,75.78190083
20260328_52344PMByGPSMapCamera (1).jpg,29.24474778,75.78130083
20260328_52344PMByGPSMapCamera.jpg,29.24474778,75.78130083
20260328_52348PMByGPSMapCamera (1).jpg,29.24474778,75.78130083
20260328_52348PMByGPSMapCamera.jpg,29.24474778,75.78130083
20260328_52349PMByGPSMapCamera.jpg,29.24465583,75.78189889
20260328_52355PMByGPSMapCamera (1).jpg,29.24474778,75.78130083
20260328_52355PMByGPSMapCamera.jpg,29.24474778,75.78130083
20260328_52356PMByGPSMapCamera.jpg,29.24465583,75.78191194
20260328_52359PMByGPSMapCamera (1).jpg,29.24474778,75.78130083
20260328_52359PMByGPSMapCamera.jpg,29.24474778,75.78130083
20260328_52402PMByGPSMapCamera.jpg,29.24464778,75.78194972
20260328_52407PMByGPSMapCamera.jpg,29.24464889,75.78196889
20260328_52413PMByGPSMapCamera.jpg,29.24466889,75.78199194
20260328_52418PMByGPSMapCamera.jpg,29.24465972,75.78201778
20260328_52425PMByGPSMapCamera.jpg,29.244625,75.78207972
20260328_52430PMByGPSMapCamera.jpg,29.24462778,75.78210583
20260328_52436PMByGPSMapCamera.jpg,29.24463389,75.78211889
20260328_52443PMByGPSMapCamera.jpg,29.24464389,75.78212694
20260328_52519PMByGPSMapCamera.jpg,29.24465,75.78214278
20260328_52525PMByGPSMapCamera.jpg,29.24465,75.78214194
20260328_52531PMByGPSMapCamera.jpg,29.24465,75.78214194
20260328_52538PMByGPSMapCamera.jpg,29.24467083,75.78214778
20260328_52544PMByGPSMapCamera.jpg,29.24470083,75.78213889
20260328_52551PMByGPSMapCamera.jpg,29.244715,75.78213583
20260328_52556PMByGPSMapCamera.jpg,29.244715,75.78213583
20260328_52602PMByGPSMapCamera.jpg,29.244715,75.78213583
20260328_52611PMByGPSMapCamera.jpg,29.24480278,75.78214778
20260328_52617PMByGPSMapCamera.jpg,29.24481083,75.78214583
20260328_52623PMByGPSMapCamera.jpg,29.24481194,75.78214694
